id,name
172346850634891264,프레이야
184179610064388096,루루
185768882475106305,ARANI
186409909548482560,5Drake
195927758973435905,taomegamon
211128193128726528,Litona
212075202866053121,J
215366768548380672,🍪🍪
216468030975115265,Ribbon
234240028774105088,Ve-l_Sia
234395307759108106,Groovy
234493397694414848,데트
238650563338829826,히낫타
242228958291034112,ony2310
244694636449366028,안재딱
248004298221289472,깐따삐아
250997020289007623,IkoishiS
253788385959739402,mjkys
253864875447681025,삐약순
254501173506211841,CIKA/Hene
256785030456541184,달빛
257011239194984450,다빈
257062021437063169,무양
257596433396400128,리얀
259688026953875456,mingnaberi[밍나베리]
262817881987743744,SNJ
262992965431984129,쭈니
263665010994184192,ひ〜
265859580695674882,Alencia
267145688620597258,하루
268654813049389056,마에마에
269877427440713740,범2
270495043318448128,sho_1226
271515156578697217,Lutica CANARD
271981156994383872,Ellarik
272943455406391316,Ru_A
275534656722698240,초초
275654338490269697,엘루이아
275712944594223105,개귤이
278125907317620737,류미래
278522382858059777,샤프
278864476328165377,Hakushoku_Y
283264813403078660,장세연
285339433061056512,RRR
285625915587821568,hebu
287220803618209793,Blackstar
287585601031503872,᲼
290048283387101184,주니어예티
293751743827804161,이치고
294397296546938880,Hwani
295269550532984832,wit117
295446508969525248,SACHU
297312209275584513,햄스햄스터
297872464162193421,가진자
298050642402869249,JINU_JOA
298462365530456066,양평군동물사랑꾼
300265089901133825,우냐악
300893983750619137,TOPGU
304233943400710155,72
304415445358739456,10PRA
307476522183294977,Riverscue
307879795470106624,유성
309991974486802433,히카리
311385417838624769,Kweon
311458650176749570,Seea
318403674231668736,LinkiFuture
318738002341789717,dHb
319470347009130516,맬리
320571749454577676,분리과세
323718511321153538,Podongpodo
325500428072648704,Hansorim🌞
325607882047356928,그룩이
329521113069518848,pong_03
329604613139333120,"카플,케이플"
329949894271959042,승호
331377814525837313,새옥🌻
336874637654753282,HIDE0077
338349106743214080,윤아린
339272972286033923,다시마
340104937642000394,새샴
344497011745226753,올라프
346118942680547350,Riria
346549877263564804,KIR
346810530863775745,トーマ
347337141459877908,4u
349097540836392962,악!블렌더는괴로워병장
349535341973209089,포오니이
351523890100436992,소윤
352740289623883777,𝙎𝙪𝙖𝙖𝙖𝙖
352801792201064460,연파랑
356302852798414849,나비
358178056298430475,WhiteEnder_KR
358662561677180928,ahri
361158507774345216,JinSei_
361850758192168970,준규공듀
362956320292339712,캣다
363311576821923844,이호명
363904272984834050,Dan_Hana
365355513619283969,포이미
365712481185693698,ReBo
377814093182140416,salee
379905032373665793,앰프
380841186119909377,ICEmilkTei
381754820148723722,つりくま
390109782394011648,도치야
391310476413501451,당근
394038331895185419,chorin
395154324457521153,ECHO
396921176670208000,백체
398839280983736330,Serinus
399543823476457482,LT
399789450499981312,Arclight
399939282611077120,komaki
400296958272733194,JVD
400579163959853056,kuro9
404609332903149569,Priest
411846364021129218,Zungsin
413937078234251274,세이렠
415148131999678464,지성공듀
419740755637043202,달밤
421229166030225409,KB
422431898975993856,蘿莉
423843986122342401,migi
432784555121049600,라임
432913783241965588,kamome
434325634018443265,civic
434348010974216203,Mu
436726504655683584,Athlone
441246451327303711,demolife0
442707369990815765,jeffery1216
444119068698476564,Synarinn
448415679377440770,세아
449091344204562433,wjmint
455089771472093207,紺埜しそ
455988085356888064,Pelri
465061131422269442,southernyuki
465395763955105794,Riku Parfait
469842731615780864,라키슈
470547078884360192,39
483951456211304470,gurehuru
485659308378292225,Tabwire Stats
490350484796735498,B.brick
495523273967403020,村崎千秋
497788326556991490,ティッピ
505602289784979468,もり
508409693878878228,blereno
524215177521004545,Ushas
531449039196258314,cozel
532613810595561482,천화백부
545853747092258817,MaNya
556493205525495809,방울보석함
569790023256506408,DEEMO
598476843548540929,Deleted User d502f4a9
599216590868840478,고뽀삐
637847516657745941,리리카나
650336588542377995,키쿄
657860591725051924,딸기밭
660040315750711319,NeYoBI
662709896948613140,Gomm
671389398755180563,Interlude~
676283172920754186,testDev
678611431339589642,유호아
696625953677508738,Karu
714204514076590133,후유
719317647556083762,Aegleseeker
719580926715232336,여누
721650871980523572,𝓢𝓷𝓸𝔀𝓓𝓻𝓸𝓹
724938625497694288,아이스본
752151727440134144,이드셀
765610738906693632,정의석
767371640370757652,로티
784780484961894433,ST
786127766110076960,묘울
797363779226173460,loose_7
810372028762292315,kawaii_usagi
843812662227501116,M1A
858199296301989918,초목광역시
883746840158298242,gumiho
896310680691544086,OWO!
932916459028512781,집계
933649059053449246,Hon
954772059492352030,Marietti
961905169984012308,USeHwa
975219442361462824,Ichigo_
1075352372223692830,세르피아
1080454759644926054,..................
1115962410088542208,옐옐
1140309188875137199,Ohari
1206287836030967809,달루나
1287332370084659312,서달하
1325855819706794079,라디에이터와전구의아찔한콜라보레이션으로인한화끈한발열
1345369370171408444,KGB
